scode,YYYY,MM,Tsun_sum,Tsun_max,Tsun_min,Tsun_mean,TAVE_max,TAVE_min,TAVE_mean,Tmax_max,Tmax_min,Tmax_mean,Tmin_max,Tmin_min,Tmin_mean,Rain_sum,Rain_max,Rain_mean,GTAVE_max,GTAVE_min,GTAVE_mean,GTmax_max,GTmax_min,GTmax_mean,GTmin_max,GTmin_min,GTmin_mean,Sevp_sum,Sevp_max,Sevp_min,Sevp_mean,name,type,altitude,alt_qiya,lon,lat
57306,2005,1,39.0,7.4,0.0,1.2580645161290323,7.5,0.7,5.219354838709678,14.4,4.3,8.761290322580646,5.9,-2.4,2.97741935483871,20.5,5.5,0.6612903225806451,8.8,1.1,5.951612903225806,23.0,7.0,14.225806451612904,5.3,-2.8,2.074193548387097,12.4,0.4,0.4,0.4,CC,基本站,600,383.5,91980.57232,3349996.255
57306,2005,10,60.900000000000006,9.3,0.0,1.9645161290322581,19.5,12.3,16.316129032258065,27.5,13.8,20.061290322580643,18.3,7.8,14.087096774193547,70.6,31.8,2.2774193548387096,21.2,13.4,17.65806451612903,42.4,16.2,26.190322580645162,18.9,7.0,13.86774193548387,12.4,0.4,0.4,0.4,CC,基本站,600,383.5,91980.57232,3349996.255
57306,2005,11,43.8,8.5,0.0,1.46,17.9,6.3,12.34,25.4,9.7,16.103333333333335,16.0,3.8,10.07,33.7,14.3,1.1233333333333335,20.1,5.8,13.35,38.8,12.1,22.470000000000002,14.7,2.4,9.223333333333333,12.0,0.4,0.4,0.4,CC,基本站,600,383.5,91980.57232,3349996.255
57306,2005,12,40.5,7.8,0.0,1.3064516129032258,10.6,2.5,6.232258064516128,15.2,5.4,9.667741935483871,8.6,-2.0,3.9838709677419355,12.7,6.0,0.4096774193548387,10.6,3.3,6.838709677419355,21.8,7.1,14.470967741935485,8.9,-2.8,2.970967741935484,12.4,0.4,0.4,0.4,CC,基本站,600,383.5,91980.57232,3349996.255
57306,2005,2,12.399999999999999,4.3,0.0,0.4428571428571428,8.7,3.1,6.742857142857143,14.3,4.9,9.99642857142857,7.2,0.9,4.607142857142857,21.5,7.7,0.7678571428571429,11.6,4.1,7.7821428571428575,30.1,8.2,16.79642857142857,7.2,0.1,3.935714285714286,11.200000000000001,0.4,0.4,0.4,CC,基本站,600,383.5,91980.57232,3349996.255
57306,2005,3,107.2,10.0,0.0,3.458064516129032,16.3,7.6,12.2,24.1,9.5,17.461290322580645,11.9,2.4,8.509677419354839,20.3,6.5,0.6548387096774194,20.2,8.6,14.51290322580645,46.4,13.4,30.61935483870968,11.7,0.3,7.467741935483871,12.4,0.4,0.4,0.4,CC,基本站,600,383.5,91980.57232,3349996.255
57306,2005,4,155.2,10.3,0.0,5.173333333333333,25.1,11.9,18.92,34.9,16.3,25.576666666666664,20.6,8.3,14.016666666666667,14.9,3.6,0.4966666666666667,33.3,13.6,23.64,62.0,20.2,45.34666666666667,20.6,7.2,13.15,12.0,0.4,0.4,0.4,CC,基本站,600,383.5,91980.57232,3349996.255
57306,2005,5,121.5,12.0,0.0,3.9193548387096775,25.0,19.6,22.05483870967742,32.3,21.9,27.40967741935484,21.4,12.8,18.190322580645162,99.89999999999999,35.8,3.22258064516129,32.2,20.4,25.458064516129035,57.0,25.0,42.50645161290323,22.5,12.5,17.993548387096773,12.4,0.4,0.4,0.4,CC,基本站,600,383.5,91980.57232,3349996.255
57306,2005,6,163.9,11.7,0.0,5.463333333333334,30.1,20.9,25.803333333333335,35.5,22.5,31.18,26.4,18.3,21.43,96.9,45.8,3.23,37.4,21.3,30.05,63.6,24.2,46.9,26.2,16.8,21.64,12.0,0.4,0.4,0.4,CC,基本站,600,383.5,91980.57232,3349996.255
57306,2005,7,114.0,11.7,0.0,3.6774193548387095,30.3,22.6,26.625806451612902,36.1,24.6,31.44193548387097,26.5,20.5,23.019354838709678,261.7,123.7,8.441935483870967,38.6,23.8,29.94193548387097,62.2,27.9,44.67741935483871,26.9,20.8,23.41290322580645,12.4,0.4,0.4,0.4,CC,基本站,600,383.5,91980.57232,3349996.255
57306,2005,8,83.5,9.4,0.0,2.693548387096774,28.4,18.1,24.141935483870967,34.5,20.9,28.05806451612903,24.8,17.0,21.574193548387097,164.5,38.7,5.306451612903226,33.0,19.4,26.774193548387096,58.0,22.1,37.50322580645161,24.8,18.3,22.09032258064516,12.4,0.4,0.4,0.4,CC,基本站,600,383.5,91980.57232,3349996.255
57306,2005,9,151.8,11.3,0.0,5.0600000000000005,27.6,18.1,23.48,34.3,18.6,28.583333333333332,23.1,17.2,20.173333333333336,114.5,31.2,3.816666666666667,34.2,19.2,27.459999999999997,60.7,21.5,43.336666666666666,23.3,15.4,20.173333333333336,12.0,0.4,0.4,0.4,CC,基本站,600,383.5,91980.57232,3349996.255
57306,2006,1,56.1,8.7,0.0,1.8096774193548388,12.1,1.6,6.132258064516129,16.8,4.4,9.574193548387097,10.2,-1.9,3.774193548387097,16.400000000000002,6.2,0.5290322580645161,12.2,2.9,6.787096774193548,27.5,6.0,15.203225806451613,7.4,-3.5,2.606451612903226,12.4,0.4,0.4,0.4,CC,基本站,600,383.5,91980.57232,3349996.255
57306,2006,10,115.3,9.6,0.0,3.7193548387096773,21.4,15.8,19.322580645161292,28.7,17.6,24.051612903225806,18.9,12.1,16.570967741935487,116.7,49.4,3.764516129032258,23.9,16.9,21.038709677419355,40.4,19.1,30.383870967741935,19.3,12.7,16.387096774193548,12.4,0.4,0.4,0.4,CC,基本站,600,383.5,91980.57232,3349996.255
57306,2006,11,71.4,8.9,0.0,2.3800000000000003,18.3,9.1,13.803333333333335,26.9,10.6,17.62,14.9,6.4,11.396666666666667,26.6,9.3,0.8866666666666667,20.4,9.7,15.213333333333333,38.1,13.1,23.763333333333332,14.1,5.9,11.053333333333335,12.0,0.4,0.4,0.4,CC,基本站,600,383.5,91980.57232,3349996.255
57306,2006,12,30.7,7.4,0.0,0.9903225806451613,10.0,3.8,7.529032258064516,13.5,6.5,10.216129032258063,9.0,0.9,5.587096774193549,3.9,3.4,0.12580645161290321,11.0,4.7,8.206451612903226,21.5,9.4,14.119354838709677,9.1,-0.2,4.84516129032258,12.4,0.4,0.4,0.4,CC,基本站,600,383.5,91980.57232,3349996.255
57306,2006,2,22.8,6.0,0.0,0.8142857142857143,10.8,1.6,7.8,15.1,3.4,10.892857142857142,9.0,0.5,5.517857142857143,46.0,15.5,1.6428571428571428,12.7,2.8,8.725,27.6,7.0,17.035714285714285,8.7,-0.2,4.6000000000000005,11.200000000000001,0.4,0.4,0.4,CC,基本站,600,383.5,91980.57232,3349996.255
57306,2006,3,129.6,9.7,0.0,4.180645161290323,17.9,5.5,12.890322580645162,25.6,10.2,18.896774193548385,14.2,1.8,8.77741935483871,32.9,17.6,1.0612903225806452,23.1,7.6,15.519354838709678,49.4,13.0,32.877419354838715,14.1,1.3,7.690322580645161,12.4,0.4,0.4,0.4,CC,基本站,600,383.5,91980.57232,3349996.255
57306,2006,4,168.3,11.6,0.0,5.61,23.3,8.5,18.19,31.7,13.5,24.5,18.9,6.0,13.416666666666666,28.5,11.7,0.95,30.7,10.3,22.296666666666667,58.6,19.0,43.21,18.2,6.1,12.26,12.0,0.4,0.4,0.4,CC,基本站,600,383.5,91980.57232,3349996.255
57306,2006,5,202.9,10.8,0.0,6.54516129032258,26.5,15.3,22.364516129032257,35.2,17.4,28.60967741935484,21.4,13.0,17.661290322580644,154.1,86.0,4.970967741935484,32.5,17.2,25.503225806451614,60.6,19.6,40.29032258064516,21.3,13.6,17.61935483870968,12.4,0.4,0.4,0.4,CC,基本站,600,383.5,91980.57232,3349996.255
57306,2006,6,136.2,11.2,0.0,4.54,29.0,21.9,25.426666666666666,36.3,23.4,30.526666666666664,24.8,17.9,21.103333333333335,129.6,48.0,4.319999999999999,37.3,22.2,29.35666666666667,65.8,24.6,46.45666666666667,24.7,16.4,20.64,12.0,0.4,0.4,0.4,CC,基本站,600,383.5,91980.57232,3349996.255
57306,2006,7,201.6,11.6,0.0,6.503225806451613,32.6,24.8,29.206451612903226,38.5,26.8,34.40967741935484,28.2,22.0,25.096774193548388,43.9,13.4,1.4161290322580644,42.9,24.5,35.02258064516129,69.1,27.9,54.377419354838715,29.3,22.0,25.419354838709676,12.4,0.4,0.4,0.4,CC,基本站,600,383.5,91980.57232,3349996.255
57306,2006,8,196.7,10.9,0.0,6.34516129032258,33.6,21.4,29.635483870967743,40.6,24.7,35.37419354838709,29.0,20.4,25.096774193548388,34.199999999999996,11.0,1.1032258064516127,42.5,22.9,35.52258064516129,68.6,26.4,54.774193548387096,30.2,20.1,25.241935483870968,12.4,0.4,0.4,0.4,CC,基本站,600,383.5,91980.57232,3349996.255
57306,2006,9,52.699999999999996,10.2,0.0,1.7566666666666666,30.5,17.8,22.09333333333333,37.4,20.3,26.09333333333333,27.4,16.3,19.39333333333333,174.4,66.4,5.8133333333333335,35.6,19.1,23.71333333333333,58.6,21.6,33.8,27.2,15.2,19.066666666666666,12.0,0.4,0.4,0.4,CC,基本站,600,383.5,91980.57232,3349996.255
57306,2007,1,76.5,8.1,0.0,2.467741935483871,11.0,4.5,6.648387096774194,20.8,5.5,10.82258064516129,6.6,0.8,3.8096774193548386,24.2,7.0,0.7806451612903226,10.1,3.8,7.212903225806452,27.5,6.4,15.916129032258064,6.7,-0.3,2.767741935483871,12.4,0.4,0.4,0.4,CC,基本站,600,383.5,91980.57232,3349996.255
57306,2007,10,19.4,5.1,0.0,0.6258064516129032,25.0,10.7,16.751612903225805,31.3,13.0,20.135483870967743,22.4,9.0,14.80967741935484,76.3,25.9,2.4612903225806453,27.6,12.1,18.096774193548388,49.3,15.0,26.280645161290323,22.4,9.5,14.658064516129032,12.4,0.4,0.4,0.4,CC,基本站,600,383.5,91980.57232,3349996.255
57306,2007,11,79.5,8.9,0.0,2.65,15.3,9.1,13.036666666666667,21.5,13.3,17.276666666666664,14.3,4.1,10.466666666666667,1.7,0.7,0.056666666666666664,16.0,10.5,14.066666666666666,32.8,16.8,24.403333333333332,13.5,1.1,8.97,12.0,0.4,0.4,0.4,CC,基本站,600,383.5,91980.57232,3349996.255
57306,2007,12,53.800000000000004,8.7,0.0,1.735483870967742,12.2,6.6,8.241935483870968,17.4,8.1,11.796774193548387,11.0,2.5,6.012903225806451,9.5,6.0,0.3064516129032258,12.9,6.4,8.625806451612902,31.8,9.4,16.561290322580643,10.3,-0.1,4.609677419354839,12.4,0.4,0.4,0.4,CC,基本站,600,383.5,91980.57232,3349996.255
57306,2007,2,92.9,9.1,0.0,3.317857142857143,16.5,7.9,11.407142857142857,23.6,11.1,16.646428571428572,12.1,1.4,7.964285714285714,8.899999999999999,3.3,0.3178571428571428,19.5,8.9,12.767857142857142,45.1,12.1,27.27857142857143,11.4,-1.3,6.114285714285714,11.200000000000001,0.4,0.4,0.4,CC,基本站,600,383.5,91980.57232,3349996.255
57306,2007,3,81.5,8.9,0.0,2.629032258064516,24.8,6.6,13.280645161290321,31.1,8.7,18.041935483870965,19.2,4.7,9.922580645161291,30.0,7.5,0.967741935483871,27.4,7.8,14.916129032258064,50.2,10.4,28.04516129032258,17.1,2.7,8.796774193548387,12.4,0.4,0.4,0.4,CC,基本站,600,383.5,91980.57232,3349996.255
57306,2007,4,113.8,10.7,0.0,3.7933333333333334,24.2,9.5,17.6,31.8,11.9,23.453333333333333,20.9,6.7,13.479999999999999,53.6,15.9,1.7866666666666666,29.0,10.2,20.323333333333334,57.4,17.7,35.47666666666667,18.9,5.9,12.756666666666666,12.0,0.4,0.4,0.4,CC,基本站,600,383.5,91980.57232,3349996.255
57306,2007,5,146.9,11.4,0.0,4.738709677419355,27.9,17.8,23.648387096774194,35.0,23.8,29.835483870967742,24.0,14.3,18.551612903225806,93.2,57.2,3.0064516129032257,34.4,18.4,27.14516129032258,59.7,30.5,45.26129032258064,23.1,13.1,17.741935483870968,12.4,0.4,0.4,0.4,CC,基本站,600,383.5,91980.57232,3349996.255
57306,2007,6,128.7,11.7,0.0,4.29,28.7,20.0,24.333333333333332,34.7,21.6,28.553333333333335,24.1,18.3,20.863333333333333,132.4,47.4,4.413333333333333,35.6,20.7,26.7,58.9,23.7,38.22,23.7,18.1,20.66,12.0,0.4,0.4,0.4,CC,基本站,600,383.5,91980.57232,3349996.255
57306,2007,7,119.0,11.9,0.0,3.838709677419355,30.0,23.5,26.335483870967742,35.2,25.2,30.53548387096774,26.2,20.4,23.32903225806452,509.2,131.4,16.425806451612903,36.9,24.1,28.948387096774194,60.0,25.7,40.854838709677416,26.0,20.0,23.280645161290323,12.4,0.4,0.4,0.4,CC,基本站,600,383.5,91980.57232,3349996.255
57306,2007,8,190.0,11.1,0.0,6.129032258064516,30.4,21.7,27.919354838709676,37.0,27.7,33.60322580645161,26.5,19.6,24.106451612903225,75.80000000000001,34.6,2.4451612903225812,39.4,22.5,33.08387096774193,66.0,29.6,53.10645161290322,26.6,19.8,24.177419354838708,12.4,0.4,0.4,0.4,CC,基本站,600,383.5,91980.57232,3349996.255
57306,2007,9,121.10000000000001,10.6,0.0,4.036666666666667,24.5,19.4,22.316666666666666,31.9,20.8,27.256666666666668,22.3,14.4,19.17,34.0,15.0,1.1333333333333333,29.5,20.7,25.176666666666666,54.2,22.1,38.32333333333334,22.1,12.9,18.80666666666667,12.0,0.4,0.4,0.4,CC,基本站,600,383.5,91980.57232,3349996.255
57306,2008,1,34.8,6.3,0.0,1.1225806451612903,9.1,0.4,4.387096774193548,14.7,1.0,7.125806451612903,6.7,-2.1,2.351612903225807,22.400000000000002,3.7,0.7225806451612904,9.7,1.6,5.348387096774193,23.8,3.8,12.058064516129033,7.0,-0.9,1.7935483870967743,12.4,0.4,0.4,0.4,CC,基本站,600,383.5,91980.57232,3349996.255
57306,2008,10,92.5,9.2,0.0,2.9838709677419355,22.1,14.7,18.383870967741935,28.8,16.0,22.416129032258063,19.4,13.3,15.980645161290322,79.7,30.8,2.570967741935484,26.5,15.9,20.583870967741937,49.1,17.0,32.69032258064516,19.4,12.0,15.412903225806453,12.4,0.4,0.4,0.4,CC,基本站,600,383.5,91980.57232,3349996.255
57306,2008,11,79.4,8.1,0.0,2.646666666666667,17.6,7.9,12.413333333333332,22.2,10.9,16.513333333333332,16.5,3.5,9.889999999999999,30.6,15.8,1.02,20.7,8.9,13.266666666666667,32.8,12.3,23.1,15.8,0.1,8.663333333333332,12.0,0.4,0.4,0.4,CC,基本站,600,383.5,91980.57232,3349996.255
57306,2008,12,18.400000000000002,5.9,0.0,0.5935483870967743,12.2,2.3,7.587096774193548,17.1,5.3,11.03225806451613,10.5,1.0,5.351612903225806,1.0,0.9,0.03225806451612903,12.8,3.2,8.225806451612904,27.0,6.0,16.1,9.8,-1.1,3.7161290322580647,12.4,0.4,0.4,0.4,CC,基本站,600,383.5,91980.57232,3349996.255
57306,2008,2,50.900000000000006,8.4,0.0,1.7551724137931037,9.4,1.8,6.30344827586207,17.3,3.8,10.306896551724137,9.0,-0.3,3.6413793103448273,24.6,8.1,0.8482758620689655,10.6,3.0,7.206896551724138,26.7,6.1,16.872413793103448,8.7,-0.5,2.762068965517241,11.600000000000001,0.4,0.4,0.4,CC,基本站,600,383.5,91980.57232,3349996.255
57306,2008,3,108.1,9.9,0.0,3.487096774193548,18.6,10.6,13.993548387096775,25.2,11.9,19.48709677419355,14.5,5.0,10.209677419354838,44.2,14.0,1.4258064516129034,22.4,9.9,15.170967741935485,44.7,13.1,27.948387096774194,13.9,2.3,8.932258064516128,12.4,0.4,0.4,0.4,CC,基本站,600,383.5,91980.57232,3349996.255
57306,2008,4,112.2,9.1,0.0,3.74,23.1,10.9,17.59333333333333,30.5,12.5,23.033333333333335,17.8,10.1,13.653333333333334,123.8,45.0,4.126666666666667,28.3,11.6,19.696666666666665,52.3,14.3,32.803333333333335,17.6,9.6,13.110000000000001,12.0,0.4,0.4,0.4,CC,基本站,600,383.5,91980.57232,3349996.255
57306,2008,5,122.0,10.4,0.0,3.935483870967742,27.2,19.7,22.693548387096776,33.8,24.0,28.187096774193545,23.4,14.4,18.51290322580645,197.2,74.0,6.361290322580645,33.2,18.9,26.212903225806453,59.4,26.2,43.53548387096774,22.1,13.0,17.648387096774194,12.4,0.4,0.4,0.4,CC,基本站,600,383.5,91980.57232,3349996.255
57306,2008,6,186.7,12.2,0.0,6.223333333333333,27.8,19.9,25.240000000000002,34.6,24.0,30.473333333333336,24.1,18.0,20.903333333333332,96.4,32.6,3.2133333333333334,35.2,21.0,28.35666666666667,57.9,26.4,42.24666666666667,23.8,16.3,20.69333333333333,12.0,0.4,0.4,0.4,CC,基本站,600,383.5,91980.57232,3349996.255
57306,2008,7,211.0,12.1,0.0,6.806451612903226,30.0,23.6,27.59032258064516,36.8,25.5,33.10967741935484,26.0,19.7,23.229032258064517,152.8,94.5,4.929032258064517,39.6,25.0,32.6,69.4,29.1,51.38387096774194,25.5,17.6,22.94516129032258,12.4,0.4,0.4,0.4,CC,基本站,600,383.5,91980.57232,3349996.255
57306,2008,8,93.0,10.3,0.0,3.0,29.5,21.8,25.067741935483873,34.7,23.3,29.345161290322583,25.7,19.2,22.29032258064516,171.8,47.6,5.541935483870968,35.4,23.4,27.551612903225806,58.3,26.1,38.73870967741936,25.2,19.1,22.641935483870967,12.4,0.4,0.4,0.4,CC,基本站,600,383.5,91980.57232,3349996.255
57306,2008,9,75.4,10.0,0.0,2.5133333333333336,27.6,16.3,22.696666666666665,32.8,17.6,27.12,25.1,15.0,20.076666666666664,225.6,90.1,7.52,31.7,17.4,25.64,59.6,20.2,39.51,24.3,15.3,19.88,12.0,0.4,0.4,0.4,CC,基本站,600,383.5,91980.57232,3349996.255
57306,2009,1,53.1,7.3,0.0,1.7129032258064516,9.3,3.9,6.22258064516129,14.7,5.3,10.041935483870969,8.7,-0.1,3.8161290322580643,0.9,0.4,0.02903225806451613,11.5,4.6,7.087096774193548,30.3,8.0,18.293548387096774,8.0,-3.0,1.967741935483871,12.4,0.4,0.4,0.4,CC,基本站,600,383.5,91980.57232,3349996.255
57306,2009,10,80.5,10.5,0.0,2.596774193548387,24.8,14.7,18.496774193548386,30.6,15.0,22.219354838709677,21.5,12.6,16.393548387096775,52.800000000000004,24.3,1.703225806451613,29.3,15.7,20.04516129032258,50.8,17.2,29.493548387096773,21.7,11.3,15.864516129032259,12.4,0.4,0.4,0.4,CC,基本站,600,383.5,91980.57232,3349996.255
57306,2009,11,77.0,8.4,0.0,2.566666666666667,16.2,4.4,10.893333333333334,22.4,6.4,14.99,15.1,2.2,8.373333333333333,45.1,18.3,1.5033333333333334,18.7,6.5,12.056666666666667,37.7,9.5,21.413333333333334,13.6,1.6,7.473333333333333,12.0,0.4,0.4,0.4,CC,基本站,600,383.5,91980.57232,3349996.255
57306,2009,12,39.8,7.7,0.0,1.2838709677419353,12.2,4.1,8.55483870967742,18.3,6.7,11.725806451612904,10.4,1.2,6.348387096774194,4.4,1.6,0.14193548387096774,11.8,4.8,9.029032258064515,23.7,9.5,16.438709677419357,9.1,-1.0,5.122580645161291,12.4,0.4,0.4,0.4,CC,基本站,600,383.5,91980.57232,3349996.255
57306,2009,2,51.6,8.1,0.0,1.842857142857143,18.1,7.7,10.99642857142857,23.6,9.5,14.9,15.5,5.2,8.392857142857142,9.3,3.7,0.3321428571428572,19.4,8.8,12.296428571428573,39.0,11.9,23.625,10.9,2.8,6.846428571428571,11.200000000000001,0.4,0.4,0.4,CC,基本站,600,383.5,91980.57232,3349996.255
57306,2009,3,122.9,9.9,0.0,3.9645161290322584,21.2,6.5,13.225806451612904,28.1,7.5,18.32903225806452,16.8,2.9,9.36774193548387,31.5,6.9,1.0161290322580645,24.7,7.8,15.59032258064516,49.7,10.3,31.40967741935484,13.8,1.1,7.909677419354838,12.4,0.4,0.4,0.4,CC,基本站,600,383.5,91980.57232,3349996.255
57306,2009,4,78.2,9.8,0.0,2.606666666666667,21.7,10.3,17.5,29.2,11.7,22.34,18.3,9.5,14.216666666666667,81.4,16.1,2.7133333333333334,27.7,11.2,19.509999999999998,52.1,13.5,31.853333333333335,18.7,8.2,13.706666666666667,12.0,0.4,0.4,0.4,CC,基本站,600,383.5,91980.57232,3349996.255
57306,2009,5,98.8,10.3,0.0,3.1870967741935483,25.1,17.6,20.951612903225808,31.8,19.3,25.61935483870968,21.5,13.6,17.570967741935487,104.2,27.3,3.361290322580645,32.1,18.1,23.316129032258065,55.7,20.5,35.70967741935484,19.9,13.6,17.258064516129032,12.4,0.4,0.4,0.4,CC,基本站,600,383.5,91980.57232,3349996.255
57306,2009,6,91.3,10.4,0.0,3.0433333333333334,28.5,20.5,24.766666666666666,35.4,23.8,29.873333333333335,25.3,16.9,21.063333333333333,167.89999999999998,81.1,5.596666666666666,36.2,21.4,28.246666666666666,62.5,23.9,43.44666666666667,26.5,15.8,20.970000000000002,12.0,0.4,0.4,0.4,CC,基本站,600,383.5,91980.57232,3349996.255
57306,2009,7,84.0,8.8,0.0,2.7096774193548385,30.5,23.0,26.44516129032258,36.6,23.7,30.690322580645162,27.4,21.6,23.738709677419354,161.5,65.9,5.209677419354839,37.3,24.2,29.52258064516129,63.9,26.5,43.774193548387096,26.2,21.3,23.51290322580645,12.4,0.4,0.4,0.4,CC,基本站,600,383.5,91980.57232,3349996.255
57306,2009,8,134.9,11.5,0.0,4.351612903225806,28.6,22.2,25.64516129032258,35.1,24.0,30.551612903225806,25.2,19.0,22.44516129032258,229.9,57.1,7.416129032258064,37.6,22.4,28.97741935483871,68.2,27.7,44.00967741935484,25.4,18.3,22.34193548387097,12.4,0.4,0.4,0.4,CC,基本站,600,383.5,91980.57232,3349996.255
57306,2009,9,116.3,9.6,0.0,3.8766666666666665,29.9,19.3,23.82,37.3,21.1,28.733333333333334,26.6,15.1,20.66,204.2,85.0,6.806666666666667,36.8,19.1,26.946666666666665,60.9,20.6,40.70666666666667,26.5,14.0,20.383333333333333,12.0,0.4,0.4,0.4,CC,基本站,600,383.5,91980.57232,3349996.255
57306,2010,1,52.3,6.8,0.0,1.6870967741935483,10.6,3.7,7.838709677419355,16.6,6.7,11.770967741935483,9.1,1.7,5.348387096774194,4.9,2.7,0.15806451612903227,12.4,4.6,8.480645161290322,28.2,7.9,17.361290322580647,8.0,-1.0,3.5935483870967744,12.4,0.4,0.4,0.4,CC,基本站,600,383.5,91980.57232,3349996.255
57306,2010,10,78.4,9.3,0.0,2.5290322580645164,21.4,8.5,17.338709677419356,27.3,10.3,21.39032258064516,18.7,7.9,15.035483870967743,43.699999999999996,11.7,1.4096774193548385,24.6,10.0,18.903225806451612,44.6,11.2,29.312903225806455,18.1,7.8,14.254838709677419,12.4,0.4,0.4,0.4,CC,基本站,600,383.5,91980.57232,3349996.255
57306,2010,11,94.9,8.6,0.0,3.1633333333333336,16.5,9.8,13.15,23.3,12.0,18.126666666666665,13.7,6.1,10.05,13.6,12.8,0.4533333333333333,18.4,9.8,13.853333333333333,36.6,13.6,25.06,11.8,4.2,8.343333333333334,12.0,0.4,0.4,0.4,CC,基本站,600,383.5,91980.57232,3349996.255
57306,2010,12,77.1,7.8,0.0,2.487096774193548,12.1,2.6,7.603225806451612,17.7,6.8,11.780645161290321,9.6,-1.5,4.903225806451613,14.7,7.3,0.47419354838709676,12.8,4.2,7.993548387096775,27.7,7.6,17.68064516129032,8.2,-2.3,2.8096774193548386,12.4,0.4,0.4,0.4,CC,基本站,600,383.5,91980.57232,3349996.255
57306,2010,2,37.8,6.3,0.0,1.3499999999999999,15.8,4.7,8.721428571428572,21.7,6.5,12.707142857142857,12.8,2.5,6.167857142857143,10.8,4.9,0.38571428571428573,16.4,5.3,9.617857142857144,33.9,7.8,19.607142857142858,11.4,0.5,4.789285714285714,11.200000000000001,0.4,0.4,0.4,CC,基本站,600,383.5,91980.57232,3349996.255
57306,2010,3,110.3,9.9,0.0,3.5580645161290323,19.9,8.2,12.751612903225807,28.2,9.4,17.612903225806452,14.2,2.2,8.990322580645161,22.200000000000003,7.2,0.7161290322580646,23.2,8.4,14.616129032258065,49.3,12.2,28.25483870967742,11.7,0.3,7.480645161290322,12.4,0.4,0.4,0.4,CC,基本站,600,383.5,91980.57232,3349996.255
57306,2010,4,74.5,9.1,0.0,2.4833333333333334,22.9,10.1,15.72,28.8,13.1,20.766666666666666,17.8,6.6,12.316666666666666,54.2,11.4,1.8066666666666669,26.8,10.9,18.076666666666664,52.2,12.4,34.54333333333333,16.4,5.7,11.17,12.0,0.4,0.4,0.4,CC,基本站,600,383.5,91980.57232,3349996.255
57306,2010,5,84.0,9.8,0.0,2.7096774193548385,26.0,16.7,20.76774193548387,33.3,17.9,25.46451612903226,21.4,14.2,17.561290322580643,97.1,17.5,3.1322580645161286,31.9,17.6,23.261290322580646,57.8,20.8,37.60322580645161,21.0,13.7,17.04516129032258,12.4,0.4,0.4,0.4,CC,基本站,600,383.5,91980.57232,3349996.255
57306,2010,6,66.3,7.8,0.0,2.21,28.0,18.4,23.743333333333332,33.6,20.0,28.2,24.5,17.2,20.586666666666666,57.5,21.4,1.9166666666666667,32.9,19.0,26.543333333333333,57.1,21.5,41.00666666666667,24.6,17.1,20.19333333333333,12.0,0.4,0.4,0.4,CC,基本站,600,383.5,91980.57232,3349996.255
57306,2010,7,78.7,9.6,0.0,2.5387096774193547,31.5,23.6,26.874193548387098,37.3,24.8,31.32903225806452,27.0,21.8,24.06451612903226,333.2,135.4,10.748387096774193,38.3,24.3,29.570967741935487,60.1,26.8,43.37419354838709,27.4,20.1,23.893548387096775,12.4,0.4,0.4,0.4,CC,基本站,600,383.5,91980.57232,3349996.255
57306,2010,8,155.8,10.5,0.0,5.025806451612904,31.9,20.0,26.63225806451613,37.8,21.1,31.493548387096773,27.6,18.9,23.451612903225808,300.90000000000003,115.5,9.706451612903226,38.6,21.5,30.448387096774194,62.5,24.5,46.0258064516129,27.7,19.0,23.603225806451615,12.4,0.4,0.4,0.4,CC,基本站,600,383.5,91980.57232,3349996.255
57306,2010,9,112.60000000000001,10.1,0.0,3.7533333333333334,29.7,18.3,23.733333333333334,36.0,20.6,28.27,26.3,15.8,20.896666666666665,106.60000000000001,26.8,3.5533333333333337,35.9,19.5,26.583333333333332,59.2,21.7,39.916666666666664,25.2,15.2,20.65666666666667,12.0,0.4,0.4,0.4,CC,基本站,600,383.5,91980.57232,3349996.255
57306,2011,1,35.699999999999996,7.7,0.0,1.1516129032258062,5.4,1.4,3.6516129032258067,9.2,3.6,6.625806451612903,4.2,-0.4,1.8096774193548388,27.7,9.1,0.8935483870967742,7.1,2.0,4.329032258064516,20.1,5.8,13.14516129032258,3.9,-1.1,0.7387096774193548,12.4,0.4,0.4,0.4,CC,基本站,600,383.5,91980.57232,3349996.255
57306,2011,10,63.9,7.5,0.0,2.061290322580645,21.0,13.9,17.825806451612905,25.6,15.4,21.677419354838708,19.7,10.7,15.519354838709678,37.4,11.9,1.2064516129032257,22.5,14.5,19.10967741935484,40.5,17.8,29.348387096774193,19.2,8.7,14.729032258064517,12.4,0.4,0.4,0.4,CC,基本站,600,383.5,91980.57232,3349996.255
57306,2011,11,50.6,8.7,0.0,1.6866666666666668,17.2,12.4,14.273333333333333,21.1,13.4,17.386666666666667,15.9,8.5,12.363333333333333,112.0,42.2,3.7333333333333334,18.2,11.2,14.49,30.5,14.6,22.043333333333333,15.6,6.2,11.05,12.0,0.4,0.4,0.4,CC,基本站,600,383.5,91980.57232,3349996.255
57306,2011,12,39.1,8.1,0.0,1.261290322580645,10.9,4.5,7.483870967741935,16.1,8.0,10.493548387096775,8.8,-0.3,5.506451612903225,10.2,2.8,0.3290322580645161,11.7,5.0,7.841935483870968,27.7,8.8,15.35483870967742,8.9,-1.0,4.151612903225806,12.4,0.4,0.4,0.4,CC,基本站,600,383.5,91980.57232,3349996.255
57306,2011,2,53.5,7.7,0.0,1.9107142857142858,13.4,4.3,8.546428571428573,20.8,7.7,12.549999999999999,11.9,0.1,5.992857142857143,26.1,8.8,0.9321428571428572,14.3,5.9,9.296428571428573,30.6,7.6,19.064285714285713,9.6,-1.4,4.564285714285714,11.200000000000001,0.4,0.4,0.4,CC,基本站,600,383.5,91980.57232,3349996.255
57306,2011,3,88.6,9.4,0.0,2.858064516129032,14.6,6.0,10.696774193548388,20.6,7.7,15.374193548387096,12.2,4.1,7.361290322580645,28.0,9.9,0.9032258064516129,16.7,6.7,12.290322580645162,41.7,10.4,25.567741935483873,11.3,1.2,5.945161290322581,12.4,0.4,0.4,0.4,CC,基本站,600,383.5,91980.57232,3349996.255
57306,2011,4,136.7,10.1,0.0,4.556666666666667,28.1,11.0,18.78666666666667,35.3,12.2,24.65666666666667,21.0,9.4,14.376666666666667,17.5,4.9,0.5833333333333334,35.1,11.8,22.576666666666664,63.2,14.1,41.60666666666667,19.3,7.7,13.193333333333333,12.0,0.4,0.4,0.4,CC,基本站,600,383.5,91980.57232,3349996.255
57306,2011,5,155.2,10.7,0.0,5.006451612903225,27.3,14.0,21.43548387096774,34.9,20.7,27.806451612903224,22.7,11.2,17.251612903225805,204.2,61.0,6.587096774193548,33.8,14.8,24.912903225806453,60.1,20.9,41.53225806451613,22.3,11.4,16.725806451612904,12.4,0.4,0.4,0.4,CC,基本站,600,383.5,91980.57232,3349996.255
57306,2011,6,157.5,11.1,0.0,5.25,29.2,21.7,25.216666666666665,35.6,23.1,30.36,23.7,18.1,21.25,291.0,126.9,9.7,37.0,22.6,28.92,61.1,23.5,44.66,23.4,17.9,21.063333333333333,12.0,0.4,0.4,0.4,CC,基本站,600,383.5,91980.57232,3349996.255
57306,2011,7,126.6,10.5,0.0,4.083870967741936,30.7,21.3,26.403225806451612,36.4,22.5,31.148387096774194,27.3,20.1,22.925806451612903,174.5,65.5,5.629032258064516,37.6,21.9,30.26451612903226,61.7,24.0,46.00967741935484,27.4,19.9,22.958064516129035,12.4,0.4,0.4,0.4,CC,基本站,600,383.5,91980.57232,3349996.255
57306,2011,8,248.9,11.6,0.0,8.029032258064516,31.7,21.7,27.858064516129033,37.8,25.1,33.96451612903226,27.7,18.9,23.5258064516129,74.8,27.4,2.4129032258064513,39.4,22.8,32.832258064516125,66.1,27.4,51.97096774193548,26.9,18.1,23.345161290322583,12.4,0.4,0.4,0.4,CC,基本站,600,383.5,91980.57232,3349996.255
57306,2011,9,80.4,10.4,0.0,2.68,30.8,15.1,21.596666666666668,36.9,16.8,25.85,26.7,13.6,18.973333333333336,318.4,88.2,10.613333333333333,38.1,16.0,23.793333333333333,61.8,17.1,35.14,26.0,13.5,18.73,12.0,0.4,0.4,0.4,CC,基本站,600,383.5,91980.57232,3349996.255
57306,2012,1,30.6,7.1,0.0,0.9870967741935485,7.5,3.7,5.858064516129032,13.5,5.2,8.596774193548388,6.0,1.8,4.216129032258064,27.299999999999997,4.6,0.8806451612903224,8.8,4.2,6.664516129032258,21.9,5.7,13.535483870967743,5.6,-0.6,3.5548387096774197,12.4,0.4,0.4,0.4,CC,基本站,600,383.5,91980.57232,3349996.255
57306,2012,10,74.8,9.6,0.0,2.4129032258064513,20.3,13.8,17.641935483870967,25.8,16.9,21.970967741935485,17.9,10.6,15.270967741935484,67.7,15.5,2.1838709677419357,23.0,15.0,19.1,44.1,18.4,28.725806451612904,18.5,9.1,14.919354838709678,12.4,0.4,0.4,0.4,CC,基本站,600,383.5,91980.57232,3349996.255
57306,2012,11,55.7,8.4,0.0,1.8566666666666667,16.5,6.9,11.926666666666668,23.6,10.0,15.433333333333334,13.1,3.6,9.620000000000001,10.5,2.7,0.35,18.5,7.6,12.996666666666666,34.0,10.7,22.416666666666668,12.9,1.5,8.38,12.0,0.4,0.4,0.4,CC,基本站,600,383.5,91980.57232,3349996.255
57306,2012,12,59.6,7.8,0.0,1.9225806451612903,10.5,2.5,7.716129032258064,16.9,5.7,10.780645161290321,9.2,-1.5,5.687096774193549,7.3,2.4,0.23548387096774193,12.5,4.5,8.36774193548387,28.1,9.2,17.016129032258064,8.7,-3.4,4.151612903225806,12.4,0.4,0.4,0.4,CC,基本站,600,383.5,91980.57232,3349996.255
57306,2012,2,22.5,6.5,0.0,0.7758620689655172,9.6,4.1,6.827586206896552,16.5,6.3,10.055172413793104,8.2,0.7,4.8,15.700000000000001,4.3,0.5413793103448277,10.6,5.1,7.4655172413793105,25.0,7.4,14.96206896551724,7.8,-0.8,3.9482758620689653,11.600000000000001,0.4,0.4,0.4,CC,基本站,600,383.5,91980.57232,3349996.255
57306,2012,3,104.5,10.4,0.0,3.370967741935484,20.4,6.9,12.687096774193549,26.9,8.0,17.483870967741936,14.9,5.1,9.241935483870968,18.3,8.5,0.5903225806451613,20.4,7.5,13.680645161290323,41.6,10.2,24.006451612903227,13.4,4.4,8.196774193548388,12.4,0.4,0.4,0.4,CC,基本站,600,383.5,91980.57232,3349996.255
57306,2012,4,151.4,10.5,0.0,5.046666666666667,23.0,15.0,19.240000000000002,31.2,18.4,25.473333333333336,20.0,9.6,14.846666666666666,22.2,12.5,0.74,32.0,15.7,24.113333333333333,61.8,21.6,47.516666666666666,19.9,7.3,13.576666666666666,12.0,0.4,0.4,0.4,CC,基本站,600,383.5,91980.57232,3349996.255
57306,2012,5,99.7,9.4,0.0,3.2161290322580647,27.3,17.5,22.52258064516129,33.4,19.2,27.651612903225807,22.9,15.9,18.822580645161292,97.6,18.0,3.148387096774193,35.2,18.7,25.72258064516129,60.8,21.7,41.8,22.5,13.4,18.241935483870968,12.4,0.4,0.4,0.4,CC,基本站,600,383.5,91980.57232,3349996.255
57306,2012,6,78.4,10.2,0.0,2.6133333333333337,27.8,20.5,24.259999999999998,34.2,22.9,29.0,23.5,18.1,21.033333333333335,104.6,20.9,3.4866666666666664,35.4,21.9,27.5,59.9,25.8,42.22666666666667,23.9,17.0,21.026666666666664,12.0,0.4,0.4,0.4,CC,基本站,600,383.5,91980.57232,3349996.255
57306,2012,7,90.3,10.7,0.0,2.9129032258064513,29.3,22.9,26.161290322580644,35.0,24.2,30.225806451612904,26.2,20.7,23.59032258064516,283.4,49.3,9.141935483870967,35.8,23.4,27.796774193548387,59.0,25.9,38.02258064516129,25.0,20.0,23.461290322580645,12.4,0.4,0.4,0.4,CC,基本站,600,383.5,91980.57232,3349996.255
57306,2012,8,228.79999999999998,11.7,0.0,7.380645161290322,31.7,23.0,27.780645161290323,38.0,23.9,33.28709677419355,26.9,20.1,23.69677419354839,213.0,88.2,6.870967741935484,39.3,24.3,32.62903225806452,63.8,27.7,51.380645161290325,28.4,19.3,23.929032258064513,12.4,0.4,0.4,0.4,CC,基本站,600,383.5,91980.57232,3349996.255
57306,2012,9,103.9,10.5,0.0,3.4633333333333334,26.5,17.7,21.676666666666666,32.0,20.7,25.993333333333332,23.1,15.4,18.86,199.8,63.5,6.66,31.2,18.9,23.970000000000002,55.0,23.0,35.86666666666667,23.0,14.7,18.586666666666666,12.0,0.4,0.4,0.4,CC,基本站,600,383.5,91980.57232,3349996.255
57306,2013,1,88.5,8.2,0.0,2.8548387096774195,12.2,1.9,6.248387096774193,18.9,2.6,11.096774193548388,9.1,-1.5,3.2806451612903227,8.9,3.2,0.2870967741935484,13.3,3.0,7.122580645161291,31.7,5.2,17.661290322580644,6.8,-3.8,1.7516129032258063,12.4,0.4,0.4,0.4,CC,基本站,600,383.5,91980.57232,3349996.255
57306,2013,10,102.5,9.7,0.0,3.306451612903226,22.6,13.9,18.593548387096774,30.7,14.7,23.387096774193548,19.7,12.3,15.787096774193548,67.9,25.2,2.1903225806451614,26.8,14.7,20.664516129032258,47.8,16.5,34.32258064516129,17.9,10.0,14.729032258064516,12.4,0.4,0.4,0.4,CC,基本站,600,383.5,91980.57232,3349996.255
57306,2013,11,86.3,9.9,0.0,2.8766666666666665,16.5,7.9,12.776666666666667,22.5,12.6,16.54,14.3,3.2,10.416666666666666,35.8,9.0,1.1933333333333331,18.1,8.4,13.153333333333334,31.8,13.1,22.076666666666664,14.0,0.2,8.803333333333335,12.0,0.4,0.4,0.4,CC,基本站,600,383.5,91980.57232,3349996.255
57306,2013,12,83.3,7.7,0.0,2.6870967741935483,12.9,4.2,7.758064516129032,19.4,5.3,11.86774193548387,11.3,1.6,5.235483870967743,0.1,0.1,0.0032258064516129032,13.2,4.9,8.629032258064516,30.8,10.1,21.067741935483873,10.2,-2.2,2.429032258064516,12.4,0.4,0.4,0.4,CC,基本站,600,383.5,91980.57232,3349996.255
57306,2013,2,61.0,7.8,0.0,2.1785714285714284,14.8,6.9,10.049999999999999,21.5,7.9,14.407142857142857,10.6,3.8,7.121428571428572,1.8,0.6,0.0642857142857143,16.8,6.7,11.260714285714286,34.9,9.8,22.61785714285714,10.0,1.5,5.582142857142856,11.200000000000001,0.4,0.4,0.4,CC,基本站,600,383.5,91980.57232,3349996.255
57306,2013,3,167.7,10.9,0.0,5.409677419354838,19.7,9.2,16.267741935483873,29.3,11.8,22.91290322580645,17.7,6.5,11.848387096774195,27.099999999999998,9.6,0.8741935483870967,24.0,10.9,17.88064516129032,42.6,16.1,31.74516129032258,15.7,4.6,11.05483870967742,12.4,0.4,0.4,0.4,CC,基本站,600,383.5,91980.57232,3349996.255
57306,2013,4,162.8,11.2,0.0,5.426666666666667,25.3,13.0,19.5,33.5,19.1,25.903333333333332,20.1,7.4,14.7,77.9,47.3,2.5966666666666667,30.9,13.6,23.546666666666667,57.8,22.5,43.07,18.8,6.6,13.953333333333335,12.0,0.4,0.4,0.4,CC,基本站,600,383.5,91980.57232,3349996.255
57306,2013,5,145.9,11.8,0.0,4.706451612903226,28.1,16.8,21.89032258064516,35.7,18.2,27.299999999999997,21.6,14.2,17.925806451612903,140.9,37.9,4.54516129032258,36.1,17.2,25.116129032258065,62.0,19.4,40.83548387096774,21.3,13.3,17.348387096774193,12.4,0.4,0.4,0.4,CC,基本站,600,383.5,91980.57232,3349996.255
57306,2013,6,141.7,11.6,0.0,4.723333333333333,31.4,21.1,26.026666666666664,36.3,24.0,31.42,27.3,16.8,21.936666666666667,179.7,70.1,5.989999999999999,38.6,20.0,29.896666666666665,63.2,24.1,48.59,27.4,15.6,21.523333333333333,12.0,0.4,0.4,0.4,CC,基本站,600,383.5,91980.57232,3349996.255
57306,2013,7,146.3,12.3,0.0,4.719354838709678,31.2,23.6,27.809677419354838,37.1,25.4,32.43225806451613,26.6,21.8,24.387096774193548,432.0,170.0,13.935483870967742,39.5,23.1,31.845161290322583,64.4,27.8,48.33548387096774,26.8,21.5,24.206451612903226,12.4,0.4,0.4,0.4,CC,基本站,600,383.5,91980.57232,3349996.255
57306,2013,8,214.1,10.9,0.0,6.906451612903226,31.0,22.5,28.041935483870965,38.7,27.7,33.73870967741936,26.3,19.7,24.061290322580643,165.3,64.4,5.33225806451613,38.5,24.2,32.667741935483875,63.2,33.6,50.71612903225807,26.4,19.9,24.0258064516129,12.4,0.4,0.4,0.4,CC,基本站,600,383.5,91980.57232,3349996.255
57306,2013,9,78.6,9.6,0.0,2.6199999999999997,26.4,17.3,21.983333333333334,32.5,19.1,26.126666666666665,22.3,14.5,19.43,163.2,45.6,5.4399999999999995,30.6,17.6,23.523333333333333,50.6,20.6,33.78,21.8,13.0,18.95,12.0,0.4,0.4,0.4,CC,基本站,600,383.5,91980.57232,3349996.255
57306,2014,1,74.9,8.8,0.0,2.416129032258065,10.8,3.3,7.025806451612904,19.3,5.3,11.37741935483871,10.0,1.0,4.232258064516128,6.5,3.0,0.20967741935483872,10.0,3.2,6.890322580645161,28.0,7.6,18.25483870967742,8.3,-3.9,0.8483870967741934,12.4,0.4,0.4,0.4,CC,基本站,600,383.5,91980.57232,3349996.255
57306,2014,10,95.0,9.9,0.0,3.064516129032258,22.8,14.1,18.606451612903225,28.6,15.1,22.470967741935485,19.8,12.9,16.270967741935483,142.8,73.7,4.606451612903226,24.3,15.6,19.864516129032257,32.2,16.8,24.799999999999997,21.0,13.9,17.248387096774195,12.4,0.4,0.4,0.4,CC,基本站,600,383.5,91980.57232,3349996.255
57306,2014,11,39.9,9.0,0.0,1.3299999999999998,15.3,11.3,13.023333333333333,22.0,12.5,15.526666666666667,13.1,8.5,11.24,7.3,3.9,0.24333333333333332,16.3,12.3,13.979999999999999,23.4,13.5,17.07,14.6,10.4,12.22,12.0,0.4,0.4,0.4,CC,基本站,600,383.5,91980.57232,3349996.255
57306,2014,12,81.8,8.3,0.0,2.638709677419355,11.7,3.4,7.580645161290323,16.1,5.3,11.274193548387096,9.9,0.9,5.064516129032258,0.4,0.4,0.012903225806451613,11.6,4.5,7.754838709677419,19.4,7.6,13.948387096774193,9.9,-0.4,4.183870967741935,12.4,0.4,0.4,0.4,CC,基本站,600,383.5,91980.57232,3349996.255
57306,2014,2,5.5,2.8,0.0,0.19642857142857142,12.6,3.0,7.317857142857143,17.8,4.4,10.007142857142856,10.5,1.1,5.564285714285715,18.4,3.8,0.6571428571428571,14.7,3.8,7.682142857142857,29.5,5.7,15.507142857142856,9.9,-1.3,4.314285714285714,11.200000000000001,0.4,0.4,0.4,CC,基本站,600,383.5,91980.57232,3349996.255
57306,2014,3,62.4,9.7,0.0,2.0129032258064514,17.3,7.5,12.535483870967743,26.4,8.7,17.45483870967742,15.2,4.7,9.435483870967742,41.1,13.0,1.3258064516129033,20.7,7.9,13.819354838709677,42.6,10.7,27.312903225806455,15.0,2.3,7.883870967741935,12.4,0.4,0.4,0.4,CC,基本站,600,383.5,91980.57232,3349996.255
57306,2014,4,110.1,10.7,0.0,3.67,23.0,14.4,18.766666666666666,29.2,18.3,23.88,18.9,10.0,15.003333333333334,62.3,33.6,2.0766666666666667,28.9,15.0,21.60666666666667,54.1,19.8,39.57666666666667,17.5,7.2,13.32,12.0,0.4,0.4,0.4,CC,基本站,600,383.5,91980.57232,3349996.255
57306,2014,5,131.1,11.3,0.0,4.229032258064516,26.2,15.4,21.138709677419353,32.8,19.0,26.532258064516128,22.0,12.5,17.374193548387098,34.3,19.5,1.1064516129032258,32.1,15.3,24.63225806451613,55.0,19.1,43.60967741935484,21.4,9.5,15.983870967741936,12.4,0.4,0.4,0.4,CC,基本站,600,383.5,91980.57232,3349996.255
57306,2014,6,82.5,11.1,0.0,2.75,28.3,19.2,24.60666666666667,36.3,20.8,29.023333333333333,23.9,18.5,21.413333333333334,69.0,15.0,2.3,35.8,19.9,26.763333333333332,59.9,21.3,37.35666666666667,24.6,18.2,21.413333333333334,12.0,0.4,0.4,0.4,CC,基本站,600,383.5,91980.57232,3349996.255
57306,2014,7,173.5,11.0,0.0,5.596774193548387,31.7,23.4,28.56451612903226,38.7,27.1,34.38387096774194,27.7,20.8,24.070967741935487,51.800000000000004,30.3,1.670967741935484,39.3,23.6,33.222580645161294,66.1,28.5,54.07419354838709,26.9,21.1,24.05483870967742,12.4,0.4,0.4,0.4,CC,基本站,600,383.5,91980.57232,3349996.255
57306,2014,8,118.8,10.5,0.0,3.832258064516129,31.2,22.1,26.141935483870967,39.2,25.2,31.177419354838708,26.5,19.3,22.74516129032258,116.70000000000002,35.7,3.7645161290322586,38.1,23.4,28.69677419354839,65.1,26.5,41.9483870967742,26.8,18.3,22.761290322580646,12.4,0.4,0.4,0.4,CC,基本站,600,383.5,91980.57232,3349996.255
57306,2014,9,63.300000000000004,9.3,0.0,2.1100000000000003,24.4,19.5,22.41,30.6,20.5,25.94,23.3,17.1,20.196666666666665,279.2,105.0,9.306666666666667,26.5,20.8,23.65,41.9,22.6,29.65,23.0,17.9,20.726666666666667,12.0,0.4,0.4,0.4,CC,基本站,600,383.5,91980.57232,3349996.255
57306,2015,1,42.1,8.0,0.0,1.3580645161290323,11.4,3.6,7.658064516129032,16.4,4.4,11.493548387096775,9.6,2.7,5.16774193548387,18.1,9.4,0.5838709677419355,11.3,4.9,8.112903225806452,19.5,6.1,13.3,8.9,2.2,4.870967741935484,12.4,0.4,0.4,0.4,CC,基本站,600,383.5,91980.57232,3349996.255
57306,2015,10,92.0,9.0,0.0,2.967741935483871,22.5,13.5,18.76451612903226,28.2,15.2,23.212903225806453,20.0,12.4,16.112903225806452,66.9,14.6,2.1580645161290324,25.4,14.0,20.46451612903226,45.4,16.2,33.099999999999994,18.3,11.1,14.919354838709678,12.4,0.4,0.4,0.4,CC,基本站,600,383.5,91980.57232,3349996.255
57306,2015,11,25.3,8.9,0.0,0.8433333333333334,17.3,9.7,14.22,21.8,11.9,16.596666666666668,16.1,7.1,12.68,11.8,3.1,0.39333333333333337,17.0,10.5,14.593333333333334,29.6,15.6,20.459999999999997,15.0,5.0,11.783333333333333,12.0,0.4,0.4,0.4,CC,基本站,600,383.5,91980.57232,3349996.255
57306,2015,12,51.3,7.8,0.0,1.6548387096774193,13.3,5.7,9.048387096774194,17.8,8.0,12.416129032258064,11.5,0.8,6.809677419354839,8.1,2.7,0.26129032258064516,14.4,6.1,9.490322580645161,28.1,9.0,18.612903225806452,10.4,-1.7,5.038709677419354,12.4,0.4,0.4,0.4,CC,基本站,600,383.5,91980.57232,3349996.255
57306,2015,2,67.3,8.4,0.0,2.4035714285714285,13.9,4.1,9.535714285714286,20.5,5.0,13.771428571428572,11.4,2.0,6.789285714285714,17.3,7.8,0.6178571428571429,13.6,5.2,9.882142857142856,22.8,7.3,15.325000000000001,11.0,1.5,6.689285714285715,11.200000000000001,0.4,0.4,0.4,CC,基本站,600,383.5,91980.57232,3349996.255
57306,2015,3,89.8,9.9,0.0,2.896774193548387,22.8,8.4,14.76774193548387,27.9,10.8,19.716129032258067,20.0,4.3,11.27741935483871,19.8,8.5,0.6387096774193549,23.8,9.6,15.870967741935484,35.6,11.9,23.57741935483871,20.1,4.5,11.358064516129033,12.4,0.4,0.4,0.4,CC,基本站,600,383.5,91980.57232,3349996.255
57306,2015,4,163.5,10.5,0.0,5.45,24.4,12.4,19.133333333333333,33.5,14.8,25.426666666666666,20.2,9.8,14.446666666666665,49.6,14.4,1.6533333333333333,27.8,13.8,21.57,50.9,16.5,31.746666666666666,21.3,11.4,15.606666666666666,12.0,0.4,0.4,0.4,CC,基本站,600,383.5,91980.57232,3349996.255
57306,2015,5,168.5,10.8,0.0,5.435483870967742,27.6,19.0,22.893548387096775,34.8,23.1,29.02258064516129,22.6,13.3,18.387096774193548,80.9,38.9,2.609677419354839,34.1,20.8,26.606451612903225,60.0,26.1,43.961290322580645,22.8,14.2,18.419354838709676,12.4,0.4,0.4,0.4,CC,基本站,600,383.5,91980.57232,3349996.255
57306,2015,6,97.3,10.6,0.0,3.243333333333333,28.4,20.9,24.8,35.3,24.2,29.42,25.4,18.0,21.616666666666667,319.90000000000003,87.2,10.663333333333334,32.9,21.8,26.676666666666666,53.5,25.0,36.43333333333333,25.6,18.7,22.013333333333332,12.0,0.4,0.4,0.4,CC,基本站,600,383.5,91980.57232,3349996.255
57306,2015,7,227.8,12.2,0.0,7.348387096774194,30.0,22.6,27.212903225806453,36.0,24.5,32.75483870967742,25.4,17.0,22.538709677419355,81.4,32.6,2.6258064516129034,36.4,24.1,30.293548387096774,54.5,28.1,41.86129032258064,26.9,19.7,23.54516129032258,12.4,0.4,0.4,0.4,CC,基本站,600,383.5,91980.57232,3349996.255
57306,2015,8,179.9,12.1,0.0,5.803225806451613,31.7,22.0,26.316129032258065,37.1,24.1,31.55806451612903,26.3,19.7,22.56451612903226,191.2,81.3,6.16774193548387,38.2,23.4,29.34193548387097,57.4,25.8,40.08387096774193,28.2,20.6,23.683870967741935,12.4,0.4,0.4,0.4,CC,基本站,600,383.5,91980.57232,3349996.255
57306,2015,9,64.1,10.0,0.0,2.1366666666666663,27.4,19.0,22.34333333333333,34.9,20.2,26.006666666666668,24.5,17.2,20.09,259.8,65.7,8.66,29.4,19.6,23.863333333333333,48.3,22.5,33.166666666666664,24.9,16.1,20.05666666666667,12.0,0.4,0.4,0.4,CC,基本站,600,383.5,91980.57232,3349996.255
